topic_id,cv_score,cnpmi_score,size,top_words,word_weights
0,0.4496794899497524,-0.045761358228999585,509,"referendum, election, brexit, vote, deal, voted, general, leave, opposition, people","0.0132, 0.0122, 0.0100, 0.0095, 0.0094, 0.0082, 0.0077, 0.0067, 0.0065, 0.0061"
1,0.5496291483583315,-0.026776359577686162,369,"ireland, northern, border, agreement, irish, customs, checks, friday, goods, consent","0.0245, 0.0212, 0.0173, 0.0128, 0.0106, 0.0100, 0.0098, 0.0094, 0.0081, 0.0075"
2,0.7061777892319393,0.03362995087656857,342,"housing, homes, rough, homelessness, sleeping, build, affordable, building, local, homeless","0.0240, 0.0168, 0.0103, 0.0094, 0.0094, 0.0088, 0.0083, 0.0078, 0.0076, 0.0072"
3,0.6898169633726073,0.09313003463984809,308,"schools, school, funding, education, college, teachers, pupil, dudley, per, pupils","0.0304, 0.0164, 0.0157, 0.0151, 0.0115, 0.0105, 0.0084, 0.0068, 0.0063, 0.0062"
4,0.2850283657350116,-0.3958542619733674,282,"northern, ireland, assembly, executive, stormont, parties, state, sinn, fã, secretary","0.0233, 0.0232, 0.0119, 0.0111, 0.0092, 0.0078, 0.0073, 0.0071, 0.0071, 0.0067"
5,0.36944403492640304,-0.06973690740578825,262,"you, your, speaker, me, house, mr, my, thank, was, have","0.0255, 0.0133, 0.0119, 0.0079, 0.0068, 0.0068, 0.0064, 0.0063, 0.0061, 0.0055"
6,0.24343830052130966,-0.28642053681828483,260,"scotland, scottish, snp, union, prime, independence, referendum, election, european, brexit","0.0286, 0.0168, 0.0136, 0.0086, 0.0082, 0.0066, 0.0065, 0.0063, 0.0061, 0.0060"
7,0.6871437838382454,0.10876010845834849,256,"rail, transport, network, line, trains, railway, north, passengers, train, road","0.0198, 0.0123, 0.0107, 0.0105, 0.0100, 0.0098, 0.0081, 0.0069, 0.0069, 0.0065"
8,0.6281426247157815,0.08702530951216685,236,"climate, change, carbon, zero, net, emissions, energy, target, wind, we","0.0235, 0.0126, 0.0108, 0.0097, 0.0095, 0.0090, 0.0085, 0.0074, 0.0064, 0.0062"
9,0.5895562414883248,0.019263985489375933,219,"domestic, abuse, bill, violence, victims, women, victim, her, perpetrators, definition","0.0275, 0.0243, 0.0117, 0.0106, 0.0105, 0.0084, 0.0059, 0.0058, 0.0055, 0.0054"
10,0.6586985818394321,0.12934917272029745,210,"hospital, hospitals, nhs, capital, trust, telford, investment, new, princess, funding","0.0344, 0.0139, 0.0138, 0.0132, 0.0116, 0.0109, 0.0093, 0.0090, 0.0073, 0.0070"
11,0.6982735546583183,0.1493312554738148,203,"victims, ireland, northern, abuse, institutional, survivors, historical, legislation, compensation, redress","0.0230, 0.0105, 0.0104, 0.0102, 0.0097, 0.0094, 0.0076, 0.0076, 0.0072, 0.0069"
12,0.5840624772641274,0.026390257477672843,183,"fire, grenfell, cladding, firefighters, buildings, building, tower, tragedy, safety, brigade","0.0335, 0.0198, 0.0180, 0.0119, 0.0118, 0.0114, 0.0112, 0.0087, 0.0087, 0.0082"
13,0.275371927339287,-0.059986861794531846,174,"cook, thomas, company, insolvency, directors, airline, employees, collapse, airlines, atol","0.0357, 0.0340, 0.0157, 0.0111, 0.0098, 0.0096, 0.0095, 0.0093, 0.0090, 0.0086"
14,0.45090777173554625,-0.06746848127809836,156,"police, officers, crime, policing, stoke, trent, 000, 20, staffordshire, force","0.0389, 0.0214, 0.0204, 0.0127, 0.0084, 0.0082, 0.0076, 0.0063, 0.0060, 0.0048"
15,0.3160270361231291,-0.1999887102838622,147,"turkey, syria, daesh, kurdish, kurds, allies, turkish, nato, foreign, ally","0.0371, 0.0218, 0.0152, 0.0141, 0.0135, 0.0135, 0.0130, 0.0111, 0.0107, 0.0086"
16,0.48826282620257316,-0.042636659785413596,136,"iran, foreign, international, strait, hormuz, nuclear, iranian, jcpoa, navigation, tanker","0.0402, 0.0126, 0.0125, 0.0111, 0.0109, 0.0108, 0.0107, 0.0100, 0.0087, 0.0085"
17,0.5931677804376455,-0.03657952652402387,131,"farmers, food, lamb, sheep, dairy, tariff, milk, tariffs, deal, farming","0.0326, 0.0163, 0.0152, 0.0130, 0.0091, 0.0086, 0.0085, 0.0080, 0.0076, 0.0074"
18,0.3038987617109461,-0.10333052927035487,126,"answer, question, gentleman, hon, yes, friend, agree, am, my, right","0.0436, 0.0350, 0.0255, 0.0245, 0.0217, 0.0208, 0.0158, 0.0153, 0.0150, 0.0150"
19,0.5244305823751507,-0.013170867730635038,122,"workers, rights, eu, protections, union, standards, employment, trade, uk, european","0.0429, 0.0362, 0.0126, 0.0098, 0.0096, 0.0085, 0.0080, 0.0074, 0.0073, 0.0068"
20,0.4615479076872717,-0.05726047378754543,119,"citizens, eu, status, settled, immigration, nationals, movement, uk, system, home","0.0178, 0.0173, 0.0160, 0.0144, 0.0139, 0.0119, 0.0099, 0.0095, 0.0089, 0.0081"
21,0.32946118830533483,-0.15839075113226672,116,"deal, bill, extension, amendment, vote, european, no, this, union, house","0.0132, 0.0114, 0.0105, 0.0088, 0.0083, 0.0079, 0.0074, 0.0064, 0.0062, 0.0061"
22,0.6974908465816879,0.12937243982582636,113,"plastic, waste, packaging, recycling, plastics, recycled, use, environment, deposit, products","0.0426, 0.0214, 0.0195, 0.0193, 0.0188, 0.0106, 0.0097, 0.0087, 0.0068, 0.0067"
23,0.5541984890288146,0.08118046711436913,112,"mental, health, care, act, people, detained, treatment, social, services, southwark","0.0378, 0.0250, 0.0093, 0.0090, 0.0067, 0.0063, 0.0059, 0.0059, 0.0059, 0.0056"
24,0.7024020522715801,0.09641903511718539,109,"christians, persecution, religion, religious, freedom, belief, bishop, christian, faith, persecuted","0.0378, 0.0284, 0.0205, 0.0195, 0.0187, 0.0165, 0.0157, 0.0155, 0.0126, 0.0125"
25,0.4097594838950622,-0.13555368955378252,108,"staff, gemma, harassment, report, white, training, bullying, members, icgs, committee","0.0182, 0.0113, 0.0106, 0.0105, 0.0103, 0.0100, 0.0082, 0.0082, 0.0080, 0.0080"
26,0.48555477508734385,0.014975577082501069,106,"hong, kong, china, chinese, peaceful, tibet, protest, declaration, joint, protesters","0.0566, 0.0562, 0.0259, 0.0238, 0.0118, 0.0113, 0.0107, 0.0102, 0.0101, 0.0093"
27,0.5152195248055674,0.021475694144095434,103,"prison, officers, prisons, staff, age, prisoners, officer, probation, pension, assaults","0.0632, 0.0319, 0.0283, 0.0120, 0.0118, 0.0111, 0.0103, 0.0090, 0.0078, 0.0075"
28,0.7288119678339103,0.07416551729990449,103,"nhs, health, care, hospital, staff, gps, gp, doctors, patients, hospitals","0.0288, 0.0093, 0.0084, 0.0075, 0.0071, 0.0063, 0.0056, 0.0055, 0.0053, 0.0050"
29,0.3743827498519475,-0.15827778141237078,98,"abortion, ireland, northern, women, law, medical, pills, executive, assembly, abortions","0.0353, 0.0191, 0.0186, 0.0159, 0.0097, 0.0090, 0.0082, 0.0081, 0.0078, 0.0075"
30,0.5326210512387082,-0.036695261649163056,97,"care, social, carers, adult, dementia, people, older, funding, system, paper","0.0369, 0.0253, 0.0125, 0.0087, 0.0085, 0.0064, 0.0061, 0.0059, 0.0056, 0.0055"
31,0.4793342299598706,-0.07248223106266691,96,"water, chalk, streams, environment, river, rivers, abstraction, companies, agency, reservoir","0.0517, 0.0232, 0.0210, 0.0166, 0.0144, 0.0127, 0.0110, 0.0092, 0.0090, 0.0080"
32,0.6809023327028575,0.08680568826178023,92,"youth, young, services, people, workers, work, ncs, provision, local, blackpool","0.0591, 0.0286, 0.0117, 0.0103, 0.0081, 0.0081, 0.0074, 0.0067, 0.0066, 0.0064"
33,0.5646664332012175,-0.03550484912399722,92,"fisheries, aquaculture, fishing, scottish, fish, industry, uk, fishermen, sector, scotland","0.0259, 0.0258, 0.0248, 0.0118, 0.0117, 0.0109, 0.0099, 0.0089, 0.0087, 0.0080"
34,0.3242274516249682,-0.13789179852270614,91,"deal, prime, negotiations, no, he, minister, vote, avoid, house, does","0.0333, 0.0127, 0.0126, 0.0120, 0.0099, 0.0087, 0.0076, 0.0071, 0.0066, 0.0061"
35,0.5999557963705304,0.12116557498174949,90,"coverage, mobile, broadband, network, connectivity, operators, rural, ofcom, notspots, areas","0.0312, 0.0254, 0.0234, 0.0182, 0.0177, 0.0175, 0.0174, 0.0116, 0.0107, 0.0089"
36,0.4104927406120636,-0.05256490231373539,87,"drug, nice, rare, patients, pml, disease, nhs, maraviroc, drugs, treatment","0.0202, 0.0192, 0.0156, 0.0145, 0.0143, 0.0130, 0.0129, 0.0120, 0.0115, 0.0115"
37,0.762699168636552,0.10174147273409936,87,"brazil, amazon, deforestation, rainforest, brazilian, fires, global, bolsonaro, climate, forest","0.0326, 0.0302, 0.0240, 0.0181, 0.0158, 0.0136, 0.0113, 0.0113, 0.0113, 0.0106"
38,0.8629510769212746,0.14260862662840926,85,"steel, orb, tata, industry, electric, newport, british, electrical, plant, chain","0.0656, 0.0222, 0.0199, 0.0166, 0.0142, 0.0127, 0.0115, 0.0114, 0.0113, 0.0105"
39,0.34798965672818893,-0.06827640193244144,85,"give, way, finish, time, will, okay, then, once, progress, no","0.1414, 0.1062, 0.0449, 0.0324, 0.0324, 0.0318, 0.0305, 0.0246, 0.0236, 0.0230"
40,0.5884768245973263,0.014185954187498715,85,"universal, credit, claimants, uc, payments, benefits, pilot, five, poverty, loan","0.0445, 0.0403, 0.0170, 0.0129, 0.0108, 0.0107, 0.0101, 0.0089, 0.0082, 0.0074"
41,0.7214573787968694,0.12316515529545535,83,"maintenance, cms, child, parent, parents, service, arrears, paying, children, pay","0.0307, 0.0250, 0.0202, 0.0176, 0.0162, 0.0124, 0.0108, 0.0107, 0.0094, 0.0090"
42,0.7645454471052182,0.12104525964602637,83,"baby, loss, parents, maternity, bereaved, bereavement, babies, awareness, support, pregnancy","0.0273, 0.0207, 0.0138, 0.0129, 0.0108, 0.0102, 0.0095, 0.0090, 0.0090, 0.0079"
43,0.3912526336176973,-0.11184862516855738,82,"nazanin, iran, iranian, ratcliffe, dual, her, tehran, nationals, zaghari, family","0.0425, 0.0344, 0.0198, 0.0168, 0.0150, 0.0135, 0.0125, 0.0119, 0.0115, 0.0106"
44,0.4132690643622978,-0.08643279397846657,78,"economic, economy, assessment, impact, brexit, chancellor, billion, analysis, deal, no","0.0174, 0.0159, 0.0125, 0.0120, 0.0116, 0.0110, 0.0098, 0.0095, 0.0094, 0.0067"
45,0.5691171407597306,0.041582381196145844,77,"children, missing, unregulated, care, exploitation, authorities, young, local, placed, homes","0.0353, 0.0178, 0.0152, 0.0139, 0.0120, 0.0112, 0.0107, 0.0105, 0.0104, 0.0100"
46,0.47969743612116744,-0.0962672614357711,76,"eu, sis, instrument, si, regulations, plant, exit, transitional, errors, standards","0.0202, 0.0170, 0.0158, 0.0155, 0.0147, 0.0140, 0.0129, 0.0084, 0.0072, 0.0071"
47,0.2996181177634416,-0.09364834264865657,74,"whisky, scotch, tariffs, states, united, malt, trade, distilleries, whiskey, industry","0.0518, 0.0340, 0.0242, 0.0156, 0.0129, 0.0122, 0.0096, 0.0095, 0.0095, 0.0095"
48,0.34102095214626893,-0.187929937811738,74,"report, isc, security, published, reports, intelligence, publication, unusual, russia, committee","0.0260, 0.0172, 0.0140, 0.0132, 0.0111, 0.0098, 0.0098, 0.0094, 0.0093, 0.0092"
49,0.7624402142980172,0.10416203681428395,72,"football, uefa, players, racism, fans, racist, night, fa, game, bulgarian","0.0518, 0.0306, 0.0282, 0.0238, 0.0166, 0.0150, 0.0143, 0.0138, 0.0136, 0.0116"
50,0.2842504058991142,-0.1583578895776571,70,"rose, church, she, chaplain, her, you, prayers, reverend, god, wilkin","0.0385, 0.0169, 0.0167, 0.0156, 0.0153, 0.0138, 0.0128, 0.0124, 0.0123, 0.0106"
51,0.4078803866515428,-0.06037714559056921,69,"online, harms, verification, pornography, children, age, media, internet, agenda, white","0.0398, 0.0284, 0.0165, 0.0156, 0.0116, 0.0115, 0.0108, 0.0097, 0.0086, 0.0079"
52,0.3268217919234652,-0.16114854353525102,66,"language, threats, conduct, members, house, you, speaker, mr, abuse, behaviour","0.0199, 0.0159, 0.0080, 0.0079, 0.0079, 0.0073, 0.0072, 0.0072, 0.0070, 0.0068"
53,0.6599753935847045,0.08043232760434747,65,"women, prison, female, offenders, sentences, custody, justice, strategy, custodial, centres","0.0440, 0.0302, 0.0189, 0.0187, 0.0142, 0.0127, 0.0111, 0.0107, 0.0095, 0.0088"
54,0.4239107636618739,-0.010023275947118727,65,"poverty, child, children, food, scotland, living, households, banks, benefits, scottish","0.0490, 0.0266, 0.0150, 0.0133, 0.0118, 0.0076, 0.0070, 0.0068, 0.0067, 0.0064"
55,0.28261180014802845,-0.26474855125604957,63,"hs2, project, review, oakervee, ltd, secretary, state, transport, phase, cost","0.0633, 0.0177, 0.0156, 0.0125, 0.0113, 0.0093, 0.0091, 0.0090, 0.0087, 0.0070"
56,0.29667598144557034,-0.24421148989908278,61,"yellowhammer, document, operation, documents, scenario, no, deal, duchy, government, worst","0.0377, 0.0145, 0.0141, 0.0133, 0.0114, 0.0105, 0.0104, 0.0086, 0.0082, 0.0082"
57,0.5158007974277421,-0.033867269713033984,61,"slavery, trafficking, modern, victims, trafficked, prostitution, human, ireland, northern, immigration","0.0281, 0.0226, 0.0215, 0.0193, 0.0122, 0.0117, 0.0115, 0.0098, 0.0096, 0.0094"
58,0.7956680652373362,0.20956245464085288,60,"cattle, badgers, tb, badger, disease, farmers, culling, cull, vaccination, bovine","0.0363, 0.0341, 0.0297, 0.0277, 0.0223, 0.0187, 0.0176, 0.0171, 0.0128, 0.0128"
59,0.6377643998092848,0.013505051992571388,59,"endometriosis, women, condition, workplace, pain, diagnosis, employers, she, sick, had","0.0443, 0.0225, 0.0182, 0.0157, 0.0150, 0.0104, 0.0097, 0.0085, 0.0085, 0.0084"
60,0.3074480658353848,-0.23927583291932247,59,"lady, give, way, hon, will, burst, intervene, am, sealed, accent","0.1871, 0.1712, 0.1261, 0.0583, 0.0393, 0.0264, 0.0167, 0.0154, 0.0143, 0.0139"
61,0.4209905903401248,-0.04874701059508762,59,"leasehold, leaseholders, freehold, lease, ground, redrow, commonhold, rents, developers, leases","0.0373, 0.0227, 0.0135, 0.0129, 0.0107, 0.0104, 0.0093, 0.0091, 0.0084, 0.0080"
62,0.37876368143209754,-0.10888659829772561,57,"judges, judiciary, judicial, court, appointments, supreme, lord, political, independence, diversity","0.0332, 0.0274, 0.0234, 0.0213, 0.0191, 0.0151, 0.0137, 0.0125, 0.0123, 0.0087"
63,0.3480539698580063,-0.012708834026591542,57,"children, syria, refugees, unaccompanied, ceasefire, resettlement, orphans, minors, camps, vulnerable","0.0243, 0.0186, 0.0185, 0.0165, 0.0151, 0.0143, 0.0136, 0.0135, 0.0104, 0.0102"
64,0.4957564008149205,0.042533205117731405,57,"diabetes, type, obesity, prevention, diabetic, strangford, sugar, messaging, health, weight","0.0656, 0.0275, 0.0115, 0.0110, 0.0107, 0.0083, 0.0082, 0.0081, 0.0079, 0.0077"
65,0.5409278272193271,0.046121878728290835,57,"children, citizenship, status, scheme, leavers, looked, care, settled, nationality, immigration","0.0337, 0.0193, 0.0161, 0.0135, 0.0131, 0.0124, 0.0120, 0.0112, 0.0102, 0.0095"
66,0.441663680907226,-0.09420245116480784,57,"december, thursday, election, polling, elections, 12, monday, students, vote, days","0.0238, 0.0228, 0.0205, 0.0160, 0.0142, 0.0131, 0.0113, 0.0109, 0.0103, 0.0096"
67,0.29846553270568477,-0.18950628021893978,56,"give, way, gentleman, right, hon, learned, will, lady, beseech, the","0.2578, 0.1900, 0.1726, 0.1207, 0.0769, 0.0668, 0.0559, 0.0522, 0.0210, 0.0085"
68,0.4643731581325839,-0.0005825700842538278,55,"saudi, arabia, rights, human, women, prince, salman, al, detention, khashoggi","0.0517, 0.0398, 0.0139, 0.0123, 0.0084, 0.0076, 0.0074, 0.0074, 0.0066, 0.0059"
69,0.3637384945962272,-0.18034472552344044,55,"chancellor, spending, debt, economy, fiscal, deficit, labour, borrowing, decade, our","0.0148, 0.0125, 0.0110, 0.0106, 0.0103, 0.0097, 0.0087, 0.0082, 0.0072, 0.0071"
70,0.33997588341555995,-0.07999776399929623,55,"queen, speech, country, our, brexit, prime, greatest, and, this, government","0.0152, 0.0141, 0.0066, 0.0059, 0.0055, 0.0053, 0.0051, 0.0045, 0.0045, 0.0044"
71,0.5013305691398291,0.021701720717059794,55,"radiotherapy, cancer, treatment, survival, patients, lung, diagnosis, machines, nhs, screening","0.0661, 0.0560, 0.0193, 0.0124, 0.0111, 0.0108, 0.0108, 0.0100, 0.0094, 0.0092"
72,0.46990833618653155,-0.16004090005298416,54,"spanish, spain, catalonia, catalan, courts, independence, constitution, matter, handed, legal","0.0564, 0.0469, 0.0345, 0.0159, 0.0153, 0.0137, 0.0107, 0.0102, 0.0100, 0.0098"
73,0.6789826499106408,0.14159225108401877,54,"special, educational, needs, children, schools, send, school, suffolk, education, mainstream","0.0289, 0.0283, 0.0251, 0.0222, 0.0178, 0.0169, 0.0152, 0.0139, 0.0135, 0.0107"
74,0.34372096645156086,-0.11123735481320078,54,"trade, nhs, deals, agreements, privatisation, services, table, us, petition, petitioners","0.0325, 0.0288, 0.0154, 0.0139, 0.0088, 0.0078, 0.0076, 0.0073, 0.0069, 0.0065"
75,0.6981523539671806,0.0994041544040472,53,"bus, transport, services, buses, rural, public, communities, concessionary, fares, cumbria","0.0577, 0.0229, 0.0204, 0.0194, 0.0194, 0.0106, 0.0100, 0.0098, 0.0094, 0.0090"
76,0.710737038853419,0.051071749095031725,53,"retail, shop, crime, shops, shoplifting, violence, theft, police, staff, usdaw","0.0312, 0.0302, 0.0263, 0.0159, 0.0129, 0.0105, 0.0105, 0.0105, 0.0095, 0.0088"
77,0.26475075318765307,-0.13021120736389577,52,"order, speaker, mr, point, on, further, retraction, barracked, madam, of","0.2866, 0.2057, 0.1948, 0.1866, 0.0395, 0.0251, 0.0223, 0.0223, 0.0192, 0.0183"
78,0.5432252782929762,0.01889052092398137,51,"music, education, curriculum, arts, schools, school, musical, ebacc, hubs, bury","0.0907, 0.0204, 0.0169, 0.0142, 0.0130, 0.0110, 0.0107, 0.0105, 0.0096, 0.0092"
79,0.40150896267206865,-0.10088603962178636,51,"kashmir, indian, dispute, pakistan, india, petition, kashmiri, human, rights, international","0.0898, 0.0334, 0.0233, 0.0220, 0.0200, 0.0186, 0.0169, 0.0161, 0.0143, 0.0136"
80,0.5201391867259451,-0.07549692096340244,51,"court, supreme, attorney, judgment, general, law, advice, decision, constitutional, judges","0.0356, 0.0332, 0.0323, 0.0234, 0.0183, 0.0120, 0.0095, 0.0092, 0.0087, 0.0087"
81,0.8437477079431326,0.08176290287746193,51,"pension, credit, pensioners, tv, older, bbc, licences, pensioner, entitled, poverty","0.0483, 0.0392, 0.0287, 0.0171, 0.0164, 0.0133, 0.0115, 0.0112, 0.0107, 0.0095"
82,0.6271904813820612,0.032059227150834334,51,"pharmacies, pharmacy, community, pharmacists, prescriptions, pharmacist, patients, halifax, prescription, service","0.0523, 0.0353, 0.0270, 0.0170, 0.0125, 0.0116, 0.0096, 0.0082, 0.0077, 0.0076"
83,0.6598380938639664,0.1581473165795657,50,"hunting, trophy, lions, animals, species, trophies, ban, conservation, lion, animal","0.0390, 0.0352, 0.0197, 0.0162, 0.0152, 0.0148, 0.0143, 0.0143, 0.0130, 0.0118"
84,0.24368031107365076,-0.2554373931179608,50,"give, way, minister, will, marriages, encomium, debated, zoroastrianism, pruning, jainism","0.2014, 0.1484, 0.1120, 0.0499, 0.0318, 0.0242, 0.0231, 0.0224, 0.0224, 0.0214"
85,0.4722406866277787,-0.13806080807845214,50,"amendments, proceedings, shall, motion, order, amendment, any, lords, table, bill","0.0406, 0.0293, 0.0253, 0.0244, 0.0225, 0.0203, 0.0183, 0.0172, 0.0137, 0.0137"
86,0.7525872241072515,0.32585626457483513,49,"census, ons, identity, lgbt, gender, sikhs, tick, orientation, questions, sikh","0.0559, 0.0234, 0.0221, 0.0218, 0.0159, 0.0144, 0.0129, 0.0127, 0.0126, 0.0115"
87,0.6567989353005979,0.09179866267758725,48,"image, body, eating, mental, disorders, cosmetic, health, young, people, media","0.0300, 0.0265, 0.0182, 0.0145, 0.0143, 0.0116, 0.0112, 0.0104, 0.0097, 0.0089"
88,0.3924142781472573,-0.14209583717000143,46,"disability, dfid, disabilities, inclusion, disabled, committee, development, neglected, inclusive, work","0.0433, 0.0264, 0.0232, 0.0171, 0.0161, 0.0105, 0.0096, 0.0085, 0.0084, 0.0084"
89,0.47837096194897494,0.023547514921371842,46,"internet, data, technology, iot, things, devices, security, cyber, technological, regulation","0.0274, 0.0185, 0.0134, 0.0132, 0.0128, 0.0118, 0.0089, 0.0083, 0.0076, 0.0062"
90,0.5334421851145649,-0.16435579031587882,45,"calais, kent, hauliers, lorries, customs, goods, dover, compliant, hmrc, freight","0.0209, 0.0178, 0.0166, 0.0165, 0.0160, 0.0159, 0.0144, 0.0136, 0.0134, 0.0133"
91,0.29852272120724904,-0.15282018226275984,44,"armed, forces, army, cadet, recruitment, cadets, reserve, capita, recruit, soldiers","0.0560, 0.0512, 0.0317, 0.0265, 0.0162, 0.0149, 0.0121, 0.0119, 0.0113, 0.0109"
92,0.5006720678491083,-0.04570730385156659,44,"visitors, health, visitor, visiting, early, maternal, children, child, mental, breastfeeding","0.0472, 0.0411, 0.0167, 0.0110, 0.0109, 0.0100, 0.0092, 0.0084, 0.0076, 0.0064"
93,0.8731912722434608,0.22198024186916687,44,"park, site, residents, owners, homes, caravan, home, licence, christchurch, sites","0.0441, 0.0280, 0.0197, 0.0181, 0.0171, 0.0138, 0.0136, 0.0130, 0.0122, 0.0120"
94,0.25108207191612164,-0.22872770669751286,44,"give, gentleman, way, hon, song, cherokees, will, œwatch, byâ, galloping","0.2117, 0.1996, 0.1560, 0.0714, 0.0580, 0.0508, 0.0467, 0.0274, 0.0254, 0.0254"
95,0.6744079776636281,0.06387079751405753,44,"women, pension, 1950s, age, retirement, born, pensions, waspi, state, court","0.0416, 0.0353, 0.0322, 0.0240, 0.0220, 0.0217, 0.0216, 0.0196, 0.0137, 0.0113"
96,0.3592233592712225,-0.0779829330418962,43,"businesses, deal, brexit, sector, aerospace, no, eu, business, automotive, manufacturing","0.0184, 0.0133, 0.0127, 0.0122, 0.0121, 0.0108, 0.0097, 0.0093, 0.0084, 0.0079"
97,0.5167798162550594,0.007213145170821623,43,"medicines, shortages, supply, medicine, supplies, medical, constituent, brexit, drugs, deal","0.0446, 0.0209, 0.0206, 0.0202, 0.0145, 0.0123, 0.0123, 0.0119, 0.0119, 0.0113"
98,0.44451553014044365,-0.05075127658901674,42,"cash, post, banking, banks, barclays, bank, access, offices, finance, office","0.0331, 0.0314, 0.0253, 0.0228, 0.0203, 0.0158, 0.0155, 0.0152, 0.0145, 0.0140"
99,0.7167249945276443,0.10004728887105892,42,"nurses, nursing, workforce, nurse, nhs, staff, staffing, care, patients, training","0.0315, 0.0260, 0.0242, 0.0208, 0.0167, 0.0167, 0.0137, 0.0136, 0.0116, 0.0101"
100,0.3903545137082829,-0.11126493662667598,41,"wto, trade, tariffs, rules, dispute, states, united, airbus, free, boeing","0.0546, 0.0296, 0.0228, 0.0188, 0.0174, 0.0169, 0.0149, 0.0145, 0.0120, 0.0107"
101,0.40186121298037936,-0.011024035504516588,41,"smoking, cigarettes, vaping, tobacco, smoke, products, cigarette, health, cessation, smokers","0.0538, 0.0464, 0.0345, 0.0256, 0.0181, 0.0148, 0.0132, 0.0128, 0.0127, 0.0123"
102,0.5331759929221596,-0.17104486102526856,40,"yemen, humanitarian, un, conflict, ceasefire, peace, saudi, petition, arabia, houthi","0.0713, 0.0302, 0.0276, 0.0205, 0.0146, 0.0137, 0.0133, 0.0127, 0.0115, 0.0109"
103,0.3369945637190584,-0.13376565878286567,40,"benn, extension, law, letter, act, deal, minister, prime, comply, 19","0.0379, 0.0241, 0.0211, 0.0204, 0.0192, 0.0168, 0.0150, 0.0149, 0.0125, 0.0117"
104,0.8060336359982194,0.0935861523719959,40,"uniform, school, uniforms, parents, cost, schools, children, items, guidance, families","0.0569, 0.0433, 0.0279, 0.0173, 0.0140, 0.0129, 0.0106, 0.0100, 0.0093, 0.0086"
105,0.23993262359151415,-0.2690611234538782,39,"essex, incident, trafficking, ports, investigation, home, force, smuggling, port, refrigerated","0.0164, 0.0131, 0.0119, 0.0118, 0.0107, 0.0101, 0.0100, 0.0098, 0.0098, 0.0097"
106,0.2826217410955582,-0.15327223264268566,38,"assent, indicated, nod, proposition, answered, paid, take, way, because, his","1.9813, 1.7709, 0.0824, 0.0667, 0.0582, 0.0404, 0.0188, 0.0166, 0.0139, 0.0133"
107,0.2625757772049038,-0.2614956111128296,38,"liaison, mr, cummings, order, speaker, prime, minister, dominic, deputy, committee","0.0195, 0.0190, 0.0180, 0.0178, 0.0177, 0.0161, 0.0161, 0.0136, 0.0134, 0.0117"
108,0.39283370565874315,-0.29477876555461524,38,"yes, no, absolutely, okay, temporary, brief, possibly, wait, entirely, moment","1.0271, 0.1393, 0.1392, 0.0770, 0.0637, 0.0610, 0.0559, 0.0528, 0.0472, 0.0400"
109,0.6293057410919961,0.05879883601085197,37,"air, pollution, quality, clean, london, micrograms, nitrogen, particulate, cars, dioxide","0.0689, 0.0375, 0.0272, 0.0212, 0.0157, 0.0132, 0.0132, 0.0123, 0.0123, 0.0102"
110,0.6872576827142329,0.07973303924084768,37,"festival, festivals, artists, visas, visa, edinburgh, creative, performers, musicians, uk","0.0335, 0.0276, 0.0273, 0.0249, 0.0234, 0.0225, 0.0180, 0.0138, 0.0135, 0.0094"
111,0.5580452144565163,0.02385045911828144,36,"scottish, scotland, funding, funds, structural, money, fund, billion, eu, uk","0.0245, 0.0203, 0.0157, 0.0137, 0.0123, 0.0116, 0.0114, 0.0107, 0.0107, 0.0106"
112,0.2935746905195769,-0.2038592117783588,36,"relevant, writes, happy, her, meeting, assure, friend, matter, lady, hon","0.0181, 0.0180, 0.0163, 0.0159, 0.0149, 0.0137, 0.0131, 0.0126, 0.0126, 0.0125"
113,0.47470533952793353,0.07207767062437127,36,"loan, charge, hmrc, review, retrospective, suspend, duration, tax, roadchef, treasury","0.0667, 0.0619, 0.0399, 0.0308, 0.0273, 0.0225, 0.0168, 0.0138, 0.0138, 0.0129"
114,0.3040903736900365,-0.2872562329649609,36,"navy, ships, yards, defence, fleet, royal, frigates, hms, frigate, type","0.0334, 0.0255, 0.0213, 0.0213, 0.0198, 0.0195, 0.0161, 0.0148, 0.0143, 0.0137"
115,0.5730393199673561,0.06468021624077362,35,"trees, tree, planting, peat, planted, plant, woodland, carbon, forest, species","0.0492, 0.0350, 0.0316, 0.0213, 0.0186, 0.0156, 0.0124, 0.0119, 0.0107, 0.0101"
116,0.6762718969496375,0.07320262861097714,35,"gujarati, community, gujaratis, gujarat, contribution, harrow, india, hindu, uganda, they","0.0529, 0.0334, 0.0273, 0.0207, 0.0162, 0.0143, 0.0122, 0.0102, 0.0082, 0.0081"
117,0.6931631083085092,0.09280124351213874,35,"ai, data, patients, artificial, heart, nhs, intelligence, technology, healthcare, circulatory","0.0419, 0.0302, 0.0155, 0.0152, 0.0127, 0.0122, 0.0119, 0.0116, 0.0111, 0.0100"
118,0.3852205447991118,-0.13075080773952605,34,"hull, heritage, city, maritime, project, tourism, culture, visitors, museum, museums","0.0502, 0.0358, 0.0301, 0.0297, 0.0218, 0.0218, 0.0148, 0.0141, 0.0104, 0.0097"
119,0.46388253843893584,0.05138533762876112,34,"drug, alcohol, drugs, consumption, glasgow, deaths, misuse, related, 187, scotland","0.0541, 0.0290, 0.0249, 0.0230, 0.0175, 0.0158, 0.0155, 0.0155, 0.0151, 0.0142"
120,0.2864245270029871,-0.24575512821867235,34,"immunity, family, harry, croughton, foreign, sacoolas, dunn, diplomatic, embassy, mrs","0.0308, 0.0218, 0.0206, 0.0199, 0.0191, 0.0183, 0.0157, 0.0147, 0.0105, 0.0104"
121,0.3194704041287273,-0.16844750712429812,33,"ask, statement, secretary, state, make, if, commonwealth, affairs, northern, ireland","0.0842, 0.0812, 0.0436, 0.0429, 0.0422, 0.0279, 0.0235, 0.0194, 0.0175, 0.0174"
122,0.34504213553163654,-0.2069965648685726,33,"ireland, northern, businesses, innovation, economy, belfast, business, kingdom, invest, united","0.0305, 0.0295, 0.0154, 0.0147, 0.0113, 0.0112, 0.0093, 0.0089, 0.0084, 0.0080"
123,0.7466234530551535,0.15596929544591054,33,"hire, taxi, licensing, drivers, private, taxis, transport, vehicles, uber, licensed","0.0343, 0.0342, 0.0281, 0.0192, 0.0187, 0.0175, 0.0155, 0.0141, 0.0124, 0.0119"
124,0.6427642352187576,0.054323674554354974,32,"fund, regions, funds, prosperity, funding, wales, shared, uk, regional, structural","0.0235, 0.0216, 0.0197, 0.0194, 0.0192, 0.0190, 0.0151, 0.0101, 0.0096, 0.0091"
125,0.32314445952403986,-0.22294271240813204,32,"prorogation, supreme, court, prorogue, constitutional, judgment, parliament, learned, majesty, prorogations","0.0272, 0.0195, 0.0191, 0.0152, 0.0143, 0.0137, 0.0124, 0.0111, 0.0105, 0.0102"
126,0.5670269185055152,0.07358182064315091,32,"girls, education, girl, dfid, world, school, women, conflict, educating, g7","0.0696, 0.0518, 0.0165, 0.0138, 0.0136, 0.0131, 0.0115, 0.0106, 0.0098, 0.0096"
127,0.575776116406806,0.03309480498304913,31,"huawei, telecoms, security, 5g, network, equipment, chain, suppliers, ofcom, supply","0.0429, 0.0366, 0.0295, 0.0215, 0.0130, 0.0126, 0.0123, 0.0116, 0.0110, 0.0110"
128,0.6737122104687729,0.17036138778033147,31,"mesh, hernia, pain, surgery, complications, patients, men, repair, operation, inguinal","0.0537, 0.0451, 0.0286, 0.0259, 0.0188, 0.0173, 0.0161, 0.0146, 0.0127, 0.0124"
129,0.27110296439401277,-0.15495060574530597,31,"hedge, shorting, pound, sterling, short, currency, funds, selling, market, speculation","0.0355, 0.0235, 0.0210, 0.0206, 0.0190, 0.0183, 0.0182, 0.0133, 0.0124, 0.0117"
130,0.4511907806269262,-0.015593192264853907,31,"pip, claimants, mental, disabled, conditions, assessments, dla, health, mandatory, reconsideration","0.0718, 0.0231, 0.0205, 0.0163, 0.0161, 0.0152, 0.0151, 0.0146, 0.0142, 0.0124"
131,0.6109884155688484,0.11529738036565686,31,"lgbt, gay, sex, relationships, schools, teaching, education, young, shrewsbury, catholic","0.0261, 0.0174, 0.0165, 0.0164, 0.0156, 0.0139, 0.0137, 0.0135, 0.0102, 0.0091"
132,0.5184253675656073,0.0310830228587527,31,"legal, aid, justice, courts, ministry, criminal, moj, system, laspo, court","0.0350, 0.0327, 0.0271, 0.0163, 0.0113, 0.0095, 0.0094, 0.0092, 0.0090, 0.0080"
133,0.659687626759205,0.13915819128417167,29,"recovery, lights, red, roadside, vehicles, road, highways, motorways, flashing, amber","0.0439, 0.0392, 0.0380, 0.0346, 0.0301, 0.0212, 0.0200, 0.0182, 0.0174, 0.0167"
134,0.4509369277297181,0.007746461907427417,29,"environmental, oep, targets, environment, bill, regression, standards, protection, water, air","0.0275, 0.0205, 0.0168, 0.0165, 0.0140, 0.0099, 0.0092, 0.0089, 0.0084, 0.0080"
135,0.3145871623275994,-0.2724151535720749,29,"sanctions, foreign, policy, financial, united, kingdom, committee, corruption, russia, magnitsky","0.0576, 0.0125, 0.0099, 0.0097, 0.0096, 0.0093, 0.0084, 0.0084, 0.0079, 0.0077"
136,0.61877425950422,0.05863340663423888,29,"liverpool, city, council, towns, bolton, funding, local, million, services, town","0.0583, 0.0338, 0.0293, 0.0182, 0.0145, 0.0098, 0.0098, 0.0091, 0.0084, 0.0083"
137,0.6739386967150873,0.13783705625102113,28,"autism, autistic, mental, learning, disabilities, health, patient, people, detained, placements","0.0540, 0.0264, 0.0234, 0.0212, 0.0197, 0.0160, 0.0147, 0.0128, 0.0112, 0.0101"
138,0.2607750663319265,-0.12177949180968929,28,"cheating, home, toeic, ets, accused, office, evidence, students, cases, cheated","0.0286, 0.0195, 0.0181, 0.0181, 0.0137, 0.0102, 0.0099, 0.0096, 0.0095, 0.0094"
139,0.3775742649168832,-0.11701514540841429,28,"gambling, northern, ireland, betting, addiction, online, problem, fobts, report, gaming","0.0829, 0.0257, 0.0254, 0.0212, 0.0148, 0.0125, 0.0107, 0.0102, 0.0096, 0.0094"
140,0.2671805647116881,-0.11527490453933492,28,"give, gentleman, way, hon, will, the, point, say, just, had","0.2948, 0.2547, 0.2172, 0.0911, 0.0651, 0.0101, 0.0088, 0.0085, 0.0082, 0.0072"
141,0.2939017249833532,-0.221717662661965,28,"give, way, member, hon, intervention, friend, east, glasgow, evans, sheffield","0.0681, 0.0502, 0.0500, 0.0282, 0.0265, 0.0243, 0.0241, 0.0236, 0.0234, 0.0203"
142,0.39379632620177507,-0.10473709008245527,27,"wrightbus, buses, antrim, bus, company, ballymena, wolff, harland, jobs, northern","0.0537, 0.0225, 0.0189, 0.0165, 0.0162, 0.0147, 0.0143, 0.0142, 0.0131, 0.0105"
143,0.21319113049830504,-0.08736637095927093,27,"gender, gap, women, entrepreneurs, pay, female, business, businesses, bank, finance","0.0495, 0.0460, 0.0427, 0.0329, 0.0284, 0.0241, 0.0191, 0.0131, 0.0128, 0.0127"
144,0.30449193026184074,-0.17954659138726195,27,"prorogation, parliament, prorogued, weeks, proroguing, prorogue, session, sitting, no, october","0.0234, 0.0177, 0.0105, 0.0097, 0.0083, 0.0083, 0.0078, 0.0076, 0.0073, 0.0071"
145,0.2734993039498187,-0.24952566938114526,25,"leader, order, monday, house, business, queen, speaker, statement, point, saturday","0.0250, 0.0240, 0.0238, 0.0193, 0.0138, 0.0130, 0.0130, 0.0129, 0.0128, 0.0113"
146,0.5745745520540705,0.011255715701444544,25,"civil, partnerships, couples, sex, marriage, opposite, marriages, partnership, december, regulations","0.0449, 0.0385, 0.0385, 0.0359, 0.0253, 0.0234, 0.0186, 0.0177, 0.0173, 0.0168"
147,0.6398172995390048,0.022432436446281404,25,"benefit, child, tax, charge, income, hmrc, 000, system, penalty, thanet","0.0335, 0.0240, 0.0237, 0.0213, 0.0200, 0.0171, 0.0108, 0.0108, 0.0094, 0.0093"
148,0.2437306888924368,-0.07593903599054691,24,"id, voter, fraud, voting, voters, identification, identity, photographic, electoral, produce","0.0939, 0.0485, 0.0289, 0.0239, 0.0206, 0.0200, 0.0185, 0.0146, 0.0144, 0.0137"
149,0.37493762824178295,-0.11089355105156273,24,"olds, 16, vote, 17, election, elections, year, votes, young, voters","0.0426, 0.0379, 0.0210, 0.0210, 0.0180, 0.0178, 0.0161, 0.0133, 0.0129, 0.0117"
150,0.3104080830997967,-0.07162486659847239,24,"give, way, friend, right, learned, my, hon, will, point, serious","0.2426, 0.1788, 0.1296, 0.1136, 0.0978, 0.0770, 0.0723, 0.0535, 0.0244, 0.0147"
151,0.8234551466911473,0.1592589587608945,24,"suicide, andrew, risk, bellerby, trusts, assessment, mental, tools, nhs, guidelines","0.0480, 0.0224, 0.0177, 0.0173, 0.0172, 0.0158, 0.0151, 0.0150, 0.0148, 0.0109"
152,0.44803722906158167,0.015702380180024074,23,"saudi, arms, licences, yemen, export, arabia, court, coalition, appeal, sales","0.0459, 0.0426, 0.0411, 0.0344, 0.0301, 0.0289, 0.0202, 0.0194, 0.0151, 0.0146"
153,0.32398292517502997,-0.1703801008206815,23,"kew, gardens, leases, lease, bill, english, land, institution, world, botanic","0.0871, 0.0395, 0.0206, 0.0142, 0.0140, 0.0136, 0.0087, 0.0081, 0.0077, 0.0077"
154,0.4251538625876704,-0.08506689033688218,23,"welsh, wales, yn, radnorshire, brecon, voted, economy, leave, european, deal","0.0435, 0.0412, 0.0222, 0.0178, 0.0141, 0.0136, 0.0123, 0.0123, 0.0121, 0.0118"
155,0.2928518646242407,-0.2579782230880787,23,"arnhem, airborne, parachute, war, regiment, gallant, battle, operation, garden, dutch","0.0481, 0.0214, 0.0191, 0.0191, 0.0181, 0.0178, 0.0173, 0.0165, 0.0141, 0.0134"
156,0.23407064978115422,-0.13980546319937778,23,"journalists, press, freedom, data, journalistic, authorisation, police, investigatory, source, leak","0.0335, 0.0271, 0.0209, 0.0153, 0.0146, 0.0126, 0.0118, 0.0110, 0.0103, 0.0103"
157,0.6775162854732061,0.04495691396452699,22,"cannabis, medical, prescription, families, medicinal, alfie, prescribed, epilepsy, children, lara","0.0603, 0.0226, 0.0173, 0.0155, 0.0152, 0.0130, 0.0127, 0.0114, 0.0095, 0.0091"
158,0.24467155454813078,-0.13312656908367357,22,"hacker, company, grant, cyber, grants, awarded, companies, house, review, fund","0.0469, 0.0266, 0.0238, 0.0234, 0.0206, 0.0131, 0.0130, 0.0123, 0.0119, 0.0118"
159,0.3021333020711558,-0.20272252140000238,22,"give, way, gentleman, hon, juddering, friend, course, dearest, lady, my","0.1702, 0.1254, 0.0644, 0.0507, 0.0353, 0.0331, 0.0329, 0.0325, 0.0319, 0.0245"
160,0.32056618087609867,-0.23628884583072818,22,"withdrawal, bill, motion, house, agreement, reading, leader, programme, second, scrutiny","0.0241, 0.0205, 0.0176, 0.0160, 0.0140, 0.0133, 0.0125, 0.0122, 0.0102, 0.0075"
161,0.30235031167804305,-0.1916928650715454,22,"police, virdi, gurpal, richard, investigation, complainant, allegations, metropolitan, iopc, inspector","0.0367, 0.0229, 0.0195, 0.0177, 0.0166, 0.0158, 0.0139, 0.0125, 0.0110, 0.0104"
162,0.5680449866760935,-0.016966513338569234,22,"apprenticeship, apprenticeships, levy, skills, training, businesses, apprentices, young, quality, construction","0.0491, 0.0483, 0.0469, 0.0252, 0.0185, 0.0183, 0.0160, 0.0151, 0.0145, 0.0117"
163,0.6078420544157052,-0.007861655445862599,22,"trust, blackpool, mcgee, chief, executive, appointment, cqc, governors, merger, nhs","0.0326, 0.0240, 0.0205, 0.0171, 0.0142, 0.0141, 0.0130, 0.0114, 0.0113, 0.0110"
164,0.5367361150928307,0.004711987620784175,22,"trade, deal, free, agreement, end, text, december, great, negotiate, customs","0.0203, 0.0191, 0.0182, 0.0145, 0.0108, 0.0102, 0.0097, 0.0093, 0.0092, 0.0088"
165,0.591932882518801,0.00832742698197119,22,"assessment, effect, leaving, recent, made, potential, without, eu, uk, economic","0.1430, 0.1209, 0.0885, 0.0680, 0.0668, 0.0563, 0.0559, 0.0492, 0.0470, 0.0425"
166,0.44729731675584244,-0.01673586500181638,21,"tariffs, tariff, trade, eu, regime, uk, deal, producers, imports, consumers","0.0461, 0.0365, 0.0179, 0.0139, 0.0138, 0.0129, 0.0124, 0.0115, 0.0115, 0.0108"
167,0.31492105097585177,-0.1732501288017205,21,"animal, welfare, animals, dogs, banning, live, journeys, exports, sentencing, cats","0.0492, 0.0372, 0.0256, 0.0137, 0.0128, 0.0116, 0.0114, 0.0112, 0.0109, 0.0097"
168,0.6681995060244461,0.009651752674668989,21,"flitwick, station, accessibility, stations, disabled, train, operating, darren, access, rail","0.0474, 0.0370, 0.0270, 0.0261, 0.0237, 0.0235, 0.0194, 0.0171, 0.0159, 0.0147"
169,0.21456654839924572,-0.11488309022344396,21,"departmental, responsibilities, statement, engagements, wednesday, if, official, his, make, list","0.3343, 0.2571, 0.1880, 0.1552, 0.1148, 0.1011, 0.1000, 0.0988, 0.0978, 0.0888"
170,0.6295522860298032,0.02093660883732492,20,"accounting, systems, tax, vat, companies, digital, transaction, ochil, returns, perthshire","0.0370, 0.0289, 0.0225, 0.0218, 0.0134, 0.0133, 0.0112, 0.0100, 0.0098, 0.0088"
171,0.5632720283977604,0.057318302079143686,20,"wage, living, wages, national, pay, paid, decade, low, rising, workers","0.0599, 0.0380, 0.0249, 0.0168, 0.0147, 0.0133, 0.0133, 0.0132, 0.0123, 0.0115"
172,0.2580307572758726,-0.22009302823645802,20,"dissent, indicated, grudging, outrageous, response, today, this, , , ","2.6369, 1.8881, 0.2026, 0.1395, 0.0682, 0.0416, 0.0106, 0.0000, 0.0000, 0.0000"
173,0.31413693353051925,-0.09383396282029272,20,"rape, sexual, victims, prosecutions, prosecution, men, defence, natalie, her, injuries","0.0274, 0.0271, 0.0202, 0.0173, 0.0152, 0.0135, 0.0135, 0.0132, 0.0128, 0.0126"
174,0.2199314557536936,-0.1622570465938265,20,"welsh, language, wales, montgomeryshire, languages, bilingual, glyn, speakers, speak, english","0.1041, 0.0592, 0.0281, 0.0167, 0.0114, 0.0092, 0.0084, 0.0083, 0.0079, 0.0071"
175,0.48781125189013674,0.05473788446324865,19,"fracking, gas, permitted, cuadrilla, energy, exploration, industrial, shale, development, planning","0.0854, 0.0288, 0.0244, 0.0243, 0.0196, 0.0187, 0.0169, 0.0159, 0.0153, 0.0148"
176,0.19700468112731373,-0.17778994116602242,19,"freeports, port, ports, free, freeport, aberdeen, economy, design, airport, subsea","0.0506, 0.0488, 0.0483, 0.0343, 0.0260, 0.0225, 0.0178, 0.0158, 0.0151, 0.0135"
177,0.2652888011717586,-0.2089571043501439,18,"security, extradition, eu, schengen, databases, arrest, database, intelligence, co, extradite","0.0217, 0.0210, 0.0185, 0.0181, 0.0171, 0.0165, 0.0160, 0.0155, 0.0154, 0.0152"
178,0.6795743283287722,0.09607884543870888,18,"charging, electric, points, vehicle, cars, northampton, lowestoft, charge, taxis, transport","0.0618, 0.0563, 0.0330, 0.0248, 0.0187, 0.0152, 0.0151, 0.0140, 0.0107, 0.0099"
179,0.33494075239073834,-0.07464716304185368,18,"give, way, friend, my, hon, will, time, one, more, ","0.3098, 0.2283, 0.1655, 0.0983, 0.0924, 0.0684, 0.0116, 0.0105, 0.0093, 0.0000"
180,0.33646363999845746,-0.2012956977923113,18,"agency, waste, environment, avonmouth, flies, facilities, fly, bristol, planning, local","0.0371, 0.0334, 0.0277, 0.0215, 0.0209, 0.0171, 0.0150, 0.0139, 0.0138, 0.0130"
181,0.4894655829797168,-0.041567705136404946,18,"followed, relating, approve, motion, 2019, business, etc, october, formation, tuesday","0.0863, 0.0557, 0.0553, 0.0509, 0.0372, 0.0338, 0.0321, 0.0307, 0.0291, 0.0242"
182,0.3248718922027819,-0.14045925885547442,18,"intervention, take, interventions, conclude, will, then, technically, focus, am, things","0.1441, 0.0744, 0.0450, 0.0317, 0.0257, 0.0235, 0.0234, 0.0229, 0.0226, 0.0225"
183,0.4557773495182659,-0.03904358912760713,17,"hse, workplace, safety, deaths, fatal, scotland, workers, health, agriculture, construction","0.0531, 0.0360, 0.0334, 0.0308, 0.0219, 0.0203, 0.0195, 0.0165, 0.0164, 0.0147"
184,0.48913505626569415,-0.009395920992901232,17,"environment, environmental, biodiversity, nature, bill, carbon, solutions, climate, rewilding, cambridge","0.0164, 0.0160, 0.0152, 0.0121, 0.0113, 0.0087, 0.0086, 0.0085, 0.0085, 0.0080"
185,0.4116914010332905,-0.05040860853026379,17,"kettering, hospital, care, hub, urgent, northamptonshire, general, patients, site, attendances","0.0581, 0.0471, 0.0236, 0.0228, 0.0221, 0.0201, 0.0173, 0.0165, 0.0141, 0.0134"
186,0.4227716352164929,-0.034216589849444506,17,"refineries, refinery, oil, refining, tariff, tariffs, fuel, sector, chemicals, industry","0.0662, 0.0507, 0.0305, 0.0282, 0.0268, 0.0257, 0.0211, 0.0209, 0.0199, 0.0198"
187,0.32815272375407256,-0.09523441579192309,17,"oliver, ccrc, commission, justice, miscarriages, appeal, cases, review, case, convictions","0.0593, 0.0554, 0.0199, 0.0192, 0.0183, 0.0171, 0.0155, 0.0132, 0.0132, 0.0116"
188,0.35962985772928946,-0.3376675055636006,16,"speaker, mr, you, thank, œhelpâ, honourable, mistake, repeat, easy, generation","0.3380, 0.3200, 0.1637, 0.1337, 0.1206, 0.0718, 0.0688, 0.0581, 0.0539, 0.0522"
189,0.672572225883127,0.03069337821955653,16,"planning, site, sand, warwickshire, quarry, barford, dust, village, gravel, minerals","0.0271, 0.0231, 0.0211, 0.0208, 0.0196, 0.0188, 0.0175, 0.0172, 0.0169, 0.0155"
190,0.40942983705341707,-0.08558869499389803,16,"george, vanessa, release, parole, victims, abused, board, plymouth, parents, early","0.0390, 0.0377, 0.0249, 0.0238, 0.0187, 0.0165, 0.0150, 0.0148, 0.0134, 0.0130"
191,0.2549276292582852,-0.2870527012790089,16,"saturday, sitting, house, events, 19, act, friday, october, sit, leader","0.0732, 0.0293, 0.0154, 0.0142, 0.0127, 0.0125, 0.0119, 0.0105, 0.0102, 0.0095"
192,0.44092062737848314,-0.03436585324779652,16,"island, isle, wight, mainland, costs, ambulance, additional, ferry, nhs, cost","0.0614, 0.0339, 0.0338, 0.0196, 0.0185, 0.0164, 0.0162, 0.0107, 0.0107, 0.0098"
193,0.39082877309062336,-0.11643647539354547,16,"discussions, recent, eu, leaving, uk, 2019, effect, diplomatic, had, what","0.1171, 0.0879, 0.0734, 0.0528, 0.0526, 0.0478, 0.0460, 0.0429, 0.0427, 0.0390"
194,0.33017848534217586,-0.19814094018047512,16,"venezuela, humanitarian, collapsed, venezuelan, maduro, aid, fleeing, regime, hiv, zimbabwe","0.0840, 0.0461, 0.0267, 0.0254, 0.0247, 0.0242, 0.0205, 0.0205, 0.0202, 0.0202"
195,0.2717941024884322,-0.15788645629146625,16,"gladly, wilson, conscious, will, please, go, yes, bit, now, face","0.1263, 0.0958, 0.0853, 0.0800, 0.0678, 0.0664, 0.0570, 0.0569, 0.0487, 0.0483"
196,0.22433414896886764,-0.16522346358630552,15,"law, obey, prime, minister, he, hypothetical, answer, break, ditch, rule","0.0623, 0.0487, 0.0302, 0.0270, 0.0177, 0.0176, 0.0168, 0.0157, 0.0150, 0.0130"
197,0.3743953056376211,-0.18760723105119045,15,"feltham, governor, wetherby, staff, youth, young, custody, heston, self, harm","0.0696, 0.0315, 0.0166, 0.0132, 0.0119, 0.0118, 0.0113, 0.0101, 0.0101, 0.0100"
198,0.5499037978517245,0.010352654567494493,15,"trade, ftas, agreements, deals, eu, negotiating, trading, free, devolved, countries","0.0339, 0.0299, 0.0188, 0.0140, 0.0125, 0.0122, 0.0114, 0.0108, 0.0098, 0.0091"
199,0.375949058840431,-0.14260943671887516,15,"surrender, negotiating, act, negotiations, october, month, deal, 31, get, tensions","0.0461, 0.0198, 0.0186, 0.0181, 0.0144, 0.0131, 0.0125, 0.0109, 0.0106, 0.0106"
200,0.5955124679917887,0.10810127325282919,15,"knife, crime, knives, officers, slough, police, youth, violence, streets, young","0.0670, 0.0411, 0.0181, 0.0181, 0.0152, 0.0144, 0.0126, 0.0111, 0.0104, 0.0099"
201,0.8020030656246951,0.1392043024840812,15,"emissions, thames, vessels, shipping, river, air, greenwich, london, maritime, cruise","0.0501, 0.0379, 0.0378, 0.0309, 0.0267, 0.0264, 0.0234, 0.0217, 0.0210, 0.0191"
202,0.38524132913866643,-0.11146751025216002,14,"export, licences, licensing, court, control, robust, issued, consolidated, unit, rigorous","0.0561, 0.0338, 0.0298, 0.0219, 0.0219, 0.0202, 0.0185, 0.0182, 0.0172, 0.0165"
203,0.13044898864967483,-0.18480178589992474,14,"backstop, prime, eu, minister, president, tusk, proposals, negotiations, german, alternative","0.0478, 0.0164, 0.0161, 0.0106, 0.0101, 0.0100, 0.0100, 0.0099, 0.0092, 0.0090"
204,0.4627372931752414,-0.12855301354491702,14,"eden, morecambe, project, lancashire, north, area, lancaster, bay, economic, west","0.0783, 0.0668, 0.0529, 0.0231, 0.0205, 0.0169, 0.0161, 0.0099, 0.0096, 0.0082"
205,0.5782968842661911,-0.0019153499017926555,14,"vehicles, electric, emissions, diesel, emission, cars, car, transport, incremental, road","0.0434, 0.0408, 0.0233, 0.0188, 0.0186, 0.0179, 0.0175, 0.0164, 0.0149, 0.0141"
206,0.3249698962170488,-0.2195885180339153,14,"businesses, small, business, establishing, economy, sized, medium, sme, website, level","0.0493, 0.0337, 0.0232, 0.0136, 0.0135, 0.0130, 0.0125, 0.0121, 0.0119, 0.0113"
207,0.4952221782875129,-0.03499563202844864,13,"equipment, water, lifebelts, glasgow, drowning, safety, clyde, lifebelt, ropes, rescue","0.0350, 0.0314, 0.0290, 0.0275, 0.0251, 0.0247, 0.0212, 0.0169, 0.0151, 0.0144"
208,0.8137102884922028,0.018083466609804668,13,"hypermobility, syndromes, syndrome, diagnosis, healthwatch, ehlers, danlos, calderdale, professionals, patients","0.0706, 0.0476, 0.0320, 0.0316, 0.0273, 0.0239, 0.0239, 0.0197, 0.0186, 0.0154"
209,0.3976654202457013,-0.10193762080421634,13,"meals, school, children, scheme, summer, hospice, free, holidays, disadvantaged, punctuality","0.0498, 0.0356, 0.0298, 0.0285, 0.0222, 0.0180, 0.0153, 0.0153, 0.0150, 0.0147"
210,0.5499043304767245,-0.07200947415115441,13,"detainee, rendition, isc, torture, principles, inquiry, guidance, mistreatment, intelligence, agencies","0.0288, 0.0226, 0.0223, 0.0197, 0.0173, 0.0168, 0.0158, 0.0154, 0.0147, 0.0125"
211,0.2804824556440776,-0.13018265575595978,13,"investigation, essex, agencies, emergency, murder, police, collaboration, incident, thurrock, term","0.0455, 0.0363, 0.0256, 0.0207, 0.0194, 0.0168, 0.0159, 0.0149, 0.0143, 0.0129"
212,0.5317824802076785,0.11863277256131723,13,"wound, leg, ulcers, venous, care, wounds, patients, pain, limb, vascular","0.0517, 0.0430, 0.0249, 0.0232, 0.0229, 0.0184, 0.0141, 0.0104, 0.0102, 0.0099"
213,0.37907103735334885,-0.03205451180326022,13,"obey, law, rule, abide, uphold, œanswer, questionâ, adheres, assiduously, noises","0.1512, 0.1075, 0.0324, 0.0321, 0.0319, 0.0289, 0.0268, 0.0256, 0.0230, 0.0222"
214,0.45826060172627275,-0.06377417048653322,12,"mental, women, health, poor, bath, depression, debate, therapies, ill, illness","0.0507, 0.0345, 0.0339, 0.0118, 0.0109, 0.0102, 0.0078, 0.0075, 0.0070, 0.0069"
215,0.2552247146519365,-0.2060655880788852,12,"electoral, vincent, commission, reappointment, committee, appointment, speaker, john, rob, mr","0.0975, 0.0736, 0.0543, 0.0478, 0.0244, 0.0236, 0.0208, 0.0206, 0.0199, 0.0185"
216,0.5709388916645994,0.07942952882076773,12,"tackle, steps, gangs, lines, drugs, county, taking, recent, she, what","0.2004, 0.1941, 0.1411, 0.1208, 0.1120, 0.1032, 0.0890, 0.0781, 0.0762, 0.0715"
217,0.3568235358138546,-0.3043672596415146,12,"give, leader, way, prime, house, woman, hinted, dreamed, roughshod, ride","0.0987, 0.0648, 0.0595, 0.0445, 0.0370, 0.0368, 0.0350, 0.0344, 0.0333, 0.0318"
218,0.5640027609464272,-0.011008257326856055,11,"bus, women, waspi, 1950s, pass, passes, free, pension, their, spouse","0.0668, 0.0466, 0.0400, 0.0372, 0.0366, 0.0325, 0.0242, 0.0222, 0.0146, 0.0142"
219,0.3555647853057913,-0.27104813683140705,11,"bill, amendments, legislation, bills, through, leader, scrutiny, reading, hours, consult","0.0247, 0.0148, 0.0142, 0.0125, 0.0121, 0.0119, 0.0114, 0.0111, 0.0106, 0.0105"
220,0.36800116650933434,0.003037589075363528,11,"genomic, genomics, testing, genetic, patients, nhs, screening, england, test, using","0.1530, 0.0893, 0.0618, 0.0479, 0.0326, 0.0294, 0.0256, 0.0255, 0.0253, 0.0222"
221,0.3363956417790786,-0.19012952341996003,11,"advice, legal, convention, answer, officers, nor, comment, occur, law, transgressing","0.0878, 0.0550, 0.0479, 0.0310, 0.0281, 0.0244, 0.0232, 0.0221, 0.0208, 0.0179"
222,0.2845961214138497,-0.16865637056645616,11,"security, departments, strategy, national, defence, council, fco, integration, institutionalise, military","0.0297, 0.0215, 0.0205, 0.0195, 0.0167, 0.0142, 0.0140, 0.0127, 0.0124, 0.0113"
223,0.28530222007486805,-0.07737068097667778,11,"member, spoke, passion, hon, his, friend, ham, issues, my, raised","0.0178, 0.0160, 0.0149, 0.0112, 0.0110, 0.0105, 0.0091, 0.0088, 0.0088, 0.0087"
224,0.376213812736877,-0.08480789434486202,11,"steps, taking, transport, infrastructure, regions, patronage, sufficient, improve, growth, sustainability","0.2530, 0.2089, 0.1219, 0.1136, 0.1043, 0.1038, 0.0990, 0.0888, 0.0773, 0.0767"
225,0.3164564291905749,-0.29134725286859375,11,"office, matter, home, devolved, lady, dowden, executive, hertsmere, refer, paymaster","0.0463, 0.0346, 0.0333, 0.0271, 0.0247, 0.0236, 0.0223, 0.0218, 0.0213, 0.0208"
226,0.17789778594652536,-0.29600942195249885,10,"nato, defence, un, aid, integration, peacekeeping, bbc, dfid, alliances, oppression","0.0503, 0.0232, 0.0214, 0.0170, 0.0137, 0.0136, 0.0131, 0.0127, 0.0122, 0.0120"
227,0.2515327714906247,-0.1029723420383814,10,"heathrow, expansion, runway, airport, airports, exacting, third, endorsed, scheme, meets","0.0966, 0.0538, 0.0463, 0.0325, 0.0311, 0.0266, 0.0239, 0.0215, 0.0206, 0.0197"
Overall,0.46298196050283974,-0.05732058494032497,20000,,
